learnable	type	translation	authoritative	is_regex
entrepà			1	0
meu			1	0
teva			1	0
ocells			1	0
maduixa			1	0
el			1	0
mengen			1	0
són			1	0
i			1	0
gat			1	0
un			1	0
tomàquet			1	0
la			1	0
ulleres			1	0
els			1	0
una			1	0
amb			1	0
meus			1	0
vi			1	0
les			1	0
elefant			1	0
gata			1	0
teves			1	0
és			1	0
si us plau			1	0
els			1	0
te			1	0
aranya			1	0
dona			1	0
ós			1	0
jo			1	0
vosaltres			1	0
nenes			1	0
aigua			1	0
anglès			1	0
quan			1	0
què			1	0
l'			1	0
com			1	0
elefants			1	0
que			1	0
nosaltres			1	0
nens			1	0
tu			1	0
nena			1	0
no			1	0
gossos			1	0
català			1	0
menja			1	0
carta			1	0
per què			1	0
llibres			1	0
sopa			1	0
teu			1	0
gos			1	0
cervesa			1	0
home			1	0
beus			1	0
seus			1	0
escrius			1	0
lleó			1	0
peixos			1	0
on			1	0
gates			1	0
seva			1	0
nostre			1	0
vostres			1	0
unes			1	0
meves			1	0
seu			1	0
nostres			1	0
vostre			1	0
nostra			1	0
maduixes			1	0
seves			1	0
nen			1	0
ratolí			1	0
pomes			1	0
llet			1	0
diaris			1	0
paraules			1	0
suc			1	0
uns			1	0
llurs			1	0
beuen			1	0
conill			1	0
escriuen			1	0
ànecs			1	0
esmorzar			1	0
salsa			1	0
pa			1	0
dinar			1	0
homes			1	0
cartes			1	0
dones			1	0
bon dia			1	0
cavalls			1	0
poma			1	0
porc			1	0
tortugues			1	0
mico			1	0
menjo			1	0
cranc			1	0
oli			1	0
sal			1	0
formatge			1	0
carn			1	0
peix			1	0
menú			1	0
sucre			1	0
prepara			1	0
berenar			1	0
beu			1	0
fruita			1	0
gràcies			1	0
hola			1	0
sóc			1	0
bona nit			1	0
adéu			1	0
molt de gust			1	0
res			1	0
moltes gràcies			1	0
perdó			1	0
em sap greu			1	0
de res			1	0
sí			1	0
escric			1	0
llibre			1	0
elles			1	0
ells			1	0
ella			1	0
ell			1	0
diari			1	0
som			1	0
ets			1	0
teus			1	0
vostra			1	0
meva			1	0
llur			1	0
pingüí			1	0
tortuga			1	0
llimona			1	0
cavall			1	0
pollastre			1	0
ànec			1	0
animal			1	0
ocell			1	0
gats			1	0
pasta			1	0
sopar			1	0
cuino			1	0
vegetarià			1	0
patata			1	0
ou			1	0
verdura			1	0
arròs			1	0
parlo			1	0
parles			1	0
bona tarda			1	0
al			1	0
això			1	0
llit			1	0
bressol			1	0
qui			1	0
nevera			1	0
a			1	0
entre			1	0
dotze			1	0
animals			1	0
llençol			1	0
ho			1	0
ahir			1	0
i			1	0
tassa			1	0
llum			1	0
que			1	0
preguntar			1	0
pujar			1	0
demanar			1	0
creure			1	0
guanyar			1	0
reparar			1	0
nevar			1	0
agafar			1	0
dibuixar			1	0
ruc			1	0
esmorza			1	0
àpat			1	0
taronja			1	0
toro			1	0
ceba			1	0
girona			1	0
del			1	0
al voltant de			1	0
cap a			1	0
d'			1	0
castelló			1	0
est			1	0
eivissa			1	0
de			1	0
allà			1	0
biblioteca			1	0
illes			1	0
rutes			1	0
torres			1	0
pràcticament			1	0
actualment			1	0
amb			1	0
recentment			1	0
solament			1	0
realment			1	0
probablement			1	0
o			1	0
com			1	0
si			1	0
igualment			1	0
tot just			1	0
per descomptat			1	0
darrere			1	0
cada			1	0
per			1	0
pols			1	0
gent			1	0
pel			1	0
sempre			1	0
prop			1	0
en			1	0
on			1	0
nevera			1	0
també			1	0
lentament			1	0
sense			1	0
molt			1	0
cap al			1	0
anar			1	0
pas			1	0
direcció			1	0
sentit			1	0
canvi			1	0
rumb			1	0
nord			1	0
senyal			1	0
sud			1	0
sentits			1	0
m'agrada			1	0
tothom			1	0
així			1	0
mi			1	0
-se			1	0
repetir			1	0
hom			1	0
quan			1	0
quedat			1	0
perquè			1	0
escoltat			1	0
cap			1	0
on			1	0
més			1	0
venut			1	0
hi			1	0
tema			1	0
abans			1	0
fet			1	0
rebut			1	0
menjat			1	0
escrit			1	0
dormit			1	0
pres			1	0
sentit			1	0
produït			1	0
patit			1	0
llegit			1	0
pogut			1	0
trobat			1	0
dit			1	0
mossegat			1	0
perdut			1	0
anat			1	0
demostrat			1	0
aconseguit			1	0
conduït			1	0
mort			1	0
decidit			1	0
tallat			1	0
conegut			1	0
intentat			1	0
ficat			1	0
viscut			1	0
amistat			1	0
felicitat			1	0
alegria			1	0
amor			1	0
feliç			1	0
tensió			1	0
somriure			1	0
sabut			1	0
anat			1	0
viscut			1	0
perdut			1	0
volgut			1	0
donat			1	0
escrit			1	0
començat			1	0
estat			1	0
despertat			1	0
corregut			1	0
après			1	0
fet			1	0
obert			1	0
vist			1	0
dit			1	0
dormit			1	0
agafat			1	0
cuinat			1	0
pogut			1	0
admès			1	0
conegut			1	0
rigut			1	0
jugat			1	0
vingut			1	0
produït			1	0
conduït			1	0
plogut			1	0
dedicat			1	0
llegit			1	0
tipus			1	0
resposta			1	0
història			1	0
solució			1	0
facultat			1	0
problema			1	0
escola			1	0
absència			1	0
estudi			1	0
joc			1	0
exemple			1	0
educació			1	0
sumar			1	0
lectura			1	0
discussió			1	0
material			1	0
explicar			1	0
tasca			1	0
capítol			1	0
secció			1	0
nivell			1	0
coneixement			1	0
grau			1	0
curs			1	0
classe			1	0
intel·ligència			1	0
títol			1	0
premi			1	0
explicació			1	0
acadèmia			1	0
quelcom			1	0
menjador			1	0
sis			1	0
dues			1	0
però			1	0
temps			1	0
tarragona			1	0
damunt			1	0
taula			1	0
tres			1	0
telèfon			1	0
hi			1	0
-hi			1	0
algú			1	0
ningú			1	0
alguna cosa			1	0
ja			1	0
palma			1	0
cadascú			1	0
malgrat			1	0
li			1	0
per			1	0
tot			1	0
cal			1	0
aquí			1	0
parís			1	0
presentar			1	0
estranger			1	0
estatunidenc			1	0
mèxic			1	0
catalunya			1	0
sinó			1	0
en			1	0
esperanto			1	0
anglès			1	0
barcelona			1	0
trobar			1	0
arribar			1	0
avui			1	0
qui			1	0
prou			1	0
als			1	0
fals			1	0
nacionals			1	0
tranquil·la			1	0
sols			1	0
lògic			1	0
vertadera			1	0
mundial			1	0
similars			1	0
falsa			1	0
similar			1	0
tranquil			1	0
lògics			1	0
sola			1	0
el			1	0
gaire			1	0
dins			1	0
servir			1	0
gens			1	0
moderna			1	0
modern			1	0
comunes			1	0
comú			1	0
independent			1	0
estranys			1	0
comuna			1	0
estranyes			1	0
ideals			1	0
ideal			1	0
industrials			1	0
múltiple			1	0
múltiples			1	0
terra			1	0
gairebé			1	0
mentre			1	0
audiència			1	0
ningú			1	0
tan			1	0
ni			1	0
sabó			1	0
aconseguir			1	0
àmplies			1	0
inferiors			1	0
nombrós			1	0
inferior			1	0
màxima			1	0
ampli			1	0
nombrosos			1	0
intel·lectual			1	0
superior			1	0
nombrosa			1	0
amplis			1	0
màxim			1	0
intel·lectuals			1	0
universal			1	0
universals			1	0
força			1	0
completament			1	0
tant			1	0
només			1	0
perdut			1	0
cansades			1	0
disponibles			1	0
especials			1	0
obert			1	0
obertes			1	0
cansat			1	0
regular			1	0
malalt			1	0
oberts			1	0
perdudes			1	0
regulars			1	0
recordar			1	0
banda			1	0
arribada			1	0
orientació			1	0
cerca			1	0
viatges			1	0
fi			1	0
trànsit			1	0
orientacions			1	0
viatge			1	0
mai			1	0
cuina			1	0
habitació			1	0
dreta			1	0
exterior			1	0
entrada			1	0
dretes			1	0
sortida			1	0
costat			1	0
posicions			1	0
esquerre			1	0
posició			1	0
central			1	0
centre			1	0
esquerra			1	0
sortides			1	0
interior			1	0
rússia			1	0
francès			1	0
moscou			1	0
amèrica			1	0
europa			1	0
roma			1	0
nova york			1	0
brusel·les			1	0
dels			1	0
àfrica			1	0
argentina			1	0
xina			1	0
espanya			1	0
frança			1	0
lluny			1	0
rus			1	0
anglaterra			1	0
tampoc			1	0
potser			1	0
cubà			1	0
mexicà			1	0
mai			1	0
absolutament			1	0
britànic			1	0
americà			1	0
colombià			1	0
francès			1	0
italià			1	0
xinès			1	0
nord-americà			1	0
argentí			1	0
europeu			1	0
internacional			1	0
espanyol			1	0
català			1	0
africà			1	0
catalans			1	0
menys			1	0
bé			1	0
escacs			1	0
què			1	0
veure			1	0
qual			1	0
les			1	0
llogar			1	0
ens			1	0
sofà			1	0
sota			1	0
davant			1	0
que			1	0
ara			1	0
abans			1	0
vacances			1	0
futbol			1	0
ofegaven			1	0
feia			1	0
jugaves			1	0
cuinava			1	0
donaven			1	0
cuinaven			1	0
cuinàvem			1	0
feies			1	0
donàvem			1	0
donàveu			1	0
fèiem			1	0
ofegava			1	0
jugaven			1	0
escrivien			1	0
conduíem			1	0
llegia			1	0
conduïen			1	0
dormien			1	0
llegíeu			1	0
dormíeu			1	0
conduíeu			1	0
dormies			1	0
llegien			1	0
dormia			1	0
escrivíeu			1	0
us			1	0
coneixia			1	0
coneixíeu			1	0
treballaven			1	0
coneixies			1	0
treballava			1	0
aprenia			1	0
coneixien			1	0
teníeu			1	0
aprenies			1	0
volíem			1	0
aprenien			1	0
volíeu			1	0
tenien			1	0
trucar			1	0
-vos			1	0
bevies			1	0
éreu			1	0
eres			1	0
ajudàveu			1	0
bevíeu			1	0
ajudava			1	0
menjàveu			1	0
ajudaves			1	0
menjaven			1	0
eren			1	0
menjava			1	0
anaven			1	0
ens			1	0
dormir			1	0
dissabte			1	0
allò			1	0
sortir			1	0
mandra			1	0
passejar			1	0
preparar			1	0
net			1	0
un cop de mà			1	0
mà			1	0
ràbia			1	0
tard			1	0
fàstic			1	0
un cop d'ull			1	0
llàstima			1	0
classes			1	0
classe			1	0
abraçades			1	0
cop			1	0
petó			1	0
abraçada			1	0
petons			1	0
parlar			1	0
-nos			1	0
aviat			1	0
a poc a poc			1	0
despertar			1	0
aixecar			1	0
regalar			1	0
sentir			1	0
tallar			1	0
-ho			1	0
-la			1	0
buscar			1	0
ploure			1	0
escriure			1	0
immediatament			1	0
haig			1	0
hem			1	0
-les			1	0
intentar			1	0
mirall			1	0
ser			1	0
per			1	0
cafè			1	0
beure			1	0
tisores			1	0
queixeu			1	0
talla			1	0
milloro			1	0
rebutjo			1	0
milloren			1	0
talles			1	0
rebutgem			1	0
costa			1	0
queixa			1	0
millores			1	0
queixem			1	0
costen			1	0
rebutja			1	0
emportem			1	0
equivoqueu			1	0
ens			1	0
traduïu			1	0
atura			1	0
tradueix			1	0
m'			1	0
us			1	0
es			1	0
equivoco			1	0
em			1	0
s'			1	0
dutxem			1	0
emporta			1	0
continua			1	0
entenen			1	0
continueu			1	0
consideres			1	0
enteneu			1	0
venceu			1	0
vivim			1	0
responeu			1	0
responc			1	0
estàs			1	0
vences			1	0
considero			1	0
vencen			1	0
esteu			1	0
viu			1	0
hi ha			1	0
rentem			1	0
repeteix			1	0
salva			1	0
dubten			1	0
-li			1	0
-los			1	0
-nos			1	0
finalment			1	0
-els			1	0
demà			1	0
evitar			1	0
mantenir			1	0
tornar			1	0
realitzar			1	0
obrir			1	0
acabar			1	0
canviar			1	0
viure			1	0
entrar			1	0
guanyar			1	0
pensar			1	0
tancar			1	0
esperar			1	0
portar			1	0
conèixer			1	0
-el			1	0
-en			1	0
us			1	0
els			1	0
conduir			1	0
venir			1	0
començar			1	0
deixar			1	0
-lo			1	0
quatre			1	0
fora			1	0
dimecres			1	0
enlloc			1	0
dilluns			1	0
tant de			1	0
got			1	0
ràpidament			1	0
posar			1	0
caure			1	0
presentar			1	0
escriure			1	0
col·locar			1	0
mestressa de casa			1	0
tercer			1	0
plat			1	0
primer			1	0
mil			1	0
deu			1	0
setanta			1	0
quaranta			1	0
meitat			1	0
noranta			1	0
onze			1	0
seixanta			1	0
vint			1	0
tona			1	0
segon			1	0
trenta			1	0
vuitanta			1	0
doble			1	0
quinze			1	0
número			1	0
tretze			1	0
cinquanta			1	0
cent			1	0
catorze			1	0
-ne			1	0
qualsevulla			1	0
qualsevol			1	0
-los			1	0
oest			1	0
l'alguer			1	0
distàncies			1	0
carretera			1	0
bars			1	0
pàtries			1	0
oficina			1	0
tampoc			1	0
gaires			1	0
gens de			1	0
ni			1	0
perfectament			1	0
fàcilment			1	0
definitivament			1	0
en general			1	0
bastant			1	0
relativament			1	0
principalment			1	0
normalment			1	0
massa			1	0
documents			1	0
molt de			1	0
diumenge			1	0
porta			1	0
comences			1	0
cadira			1	0
feina			1	0
afaitadora			1	0
televisió			1	0
bany			1	0
cullera			1	0
escriptori			1	0
raspall			1	0
dormitori			1	0
dijous			1	0
paella			1	0
divendres			1	0
dimarts			1	0
dates			1	0
al davant			1	0
a dins			1	0
a sota			1	0
pels			1	0
fins al			1	0
encara que			1	0
tot i que			1	0
paret			1	0
forn			1	0
escala			1	0
simplement			1	0
valència			1	0
humanitat			1	0
possiblement			1	0
llavors			1	0
des de			1	0
turisme			1	0
miler			1	0
aproximadament			1	0
pel·lícula			1	0
milió			1	0
metre			1	0
lluny			1	0
majoria			1	0
quilòmetre			1	0
parell			1	0
set			1	0
vuit			1	0
cinc			1	0
dos			1	0
clar			1	0
especialment			1	0
prou			1	0
perpinyà			1	0
benvingut			1	0
signa			1	0
escolteu			1	0
signen			1	0
omplo			1	0
sostre			1	0
amables			1	0
veterinàries			1	0
comarca			1	0
soterrani			1	0
rentadora			1	0
assecadora			1	0
al damunt			1	0
al darrere			1	0
contra			1	0
cartera			1	0
encara			1	0
fins			1	0
després			1	0
després			1	0
a més			1	0
conec			1	0
coneixem			1	0
impossible			1	0
feliços			1	0
feliç			1	0
paraigües			1	0
sala d'estar			1	0
piscina			1	0
ganivet			1	0
esponja			1	0
finestra			1	0
a prop			1	0
fins a			1	0
totes dues			1	0
tots dos			1	0
naturalment			1	0
accepteu			1	0
acceptem			1	0
dius			1	0
apareixes			1	0
estudies			1	0
veniu			1	0
treballo			1	0
mostrem			1	0
saben			1	0
portes			1	0
trobem			1	0
nadons			1	0
digueu			1	0
endavant			1	0
dubtem			1	0
és			1	0
repeteixo			1	0
renta			1	0
dubto			1	0
rento			1	0
són			1	0
repetiu			1	0
salven			1	0
renteu			1	0
dubteu			1	0
repeteixes			1	0
salvo			1	0
grogues			1	0
funcionària			1	0
avorrides			1	0
totalment			1	0
anteriorment			1	0
novament			1	0
generalment			1	0
segurament			1	0
aprèn			1	0
aprenc			1	0
tanco			1	0
car			1	0
dures			1	0
temes			1	0
bonic			1	0
diguem			1	0
digues			1	0
sentir			1	0
arribar			1	0
tenir			1	0
donar			1	0
fer			1	0
anar			1	0
ploure			1	0
treballar			1	0
dir			1	0
voler			1	0
ser			1	0
vam			1	0
vau			1	0
beure			1	0
parlar			1	0
edifici			1	0
únicament			1	0
necessàriament			1	0
exactament			1	0
telefones			1	0
tornes			1	0
afegeixes			1	0
perds			1	0
perd			1	0
apareix			1	0
perdo			1	0
seriosos			1	0
plana			1	0
bruta			1	0
seriosa			1	0
serioses			1	0
pla			1	0
capaços			1	0
fosca			1	0
seriós			1	0
justa			1	0
felices			1	0
brut			1	0
grasses			1	0
anys			1	0
mullers			1	0
fillols			1	0
buides			1	0
freds			1	0
velles			1	0
interessant			1	0
joves			1	0
fortes			1	0
fort			1	0
fantàstica			1	0
fantàstic			1	0
forts			1	0
barat			1	0
forta			1	0
petit			1	0
ample			1	0
atletes			1	0
funcionàries			1	0
sabateres			1	0
arqueòleg			1	0
sabaters			1	0
funcionari			1	0
caixer			1	0
cuineres			1	0
pintora			1	0
fornera			1	0
empresaris			1	0
empresàries			1	0
autores			1	0
soldats			1	0
jutgesses			1	0
psicòlogues			1	0
psicòlegs			1	0
fustera			1	0
arqueòloga			1	0
grassos			1	0
altes			1	0
estació			1	0
primaveres			1	0
hivern			1	0
cites			1	0
estius			1	0
matinades			1	0
segon			1	0
tardors			1	0
estiu			1	0
segles			1	0
dies			1	0
principis			1	0
finestres			1	0
van			1	0
casa			1	0
avis			1	0
àvies			1	0
mares			1	0
pare			1	0
podem			1	0
menja			1	0
llegeixen			1	0
volem			1	0
toco			1	0
neden			1	0
corro			1	0
camino			1	0
verd			1	0
escrivim			1	0
escriviu			1	0
veig			1	0
faig			1	0
papàs			1	0
venedora			1	0
necessàries			1	0
tema			1	0
poso			1	0
escoltem			1	0
caben			1	0
escolta			1	0
andorra			1	0
ajuntaments			1	0
presons			1	0
m'			1	0
-me			1	0
em			1	0
t'			1	0
et			1	0
palau			1	0
institucions			1	0
l'			1	0
la			1	0
fira			1	0
testimoni			1	0
adult			1	0
cavaller			1	0
camperol			1	0
costum			1	0
enemic			1	0
individu			1	0
noi			1	0
costums			1	0
víctima			1	0
noia			1	0
company			1	0
matrimoni			1	0
parella			1	0
amiga			1	0
treballador			1	0
senyora			1	0
amic			1	0
plora			1	0
ploro			1	0
afegeixen			1	0
ploren			1	0
endreça			1	0
regions			1	0
plaça			1	0
ciutadanes			1	0
població			1	0
cultura			1	0
veí			1	0
senyor			1	0
persona			1	0
treballadors			1	0
revolució			1	0
ciutadà			1	0
cultures			1	0
capital			1	0
universitat			1	0
capitals			1	0
distància			1	0
ruta			1	0
avingudes			1	0
continents			1	0
biblioteques			1	0
cantonada			1	0
pati			1	0
continent			1	0
món			1	0
illa			1	0
avinguda			1	0
fronteres			1	0
estat			1	0
pàtria			1	0
carreteres			1	0
frontera			1	0
bar			1	0
llar			1	0
barris			1	0
oficines			1	0
torre			1	0
presó			1	0
museu			1	0
edificis			1	0
barri			1	0
palaus			1	0
ajuntament			1	0
terreny			1	0
terrenys			1	0
poble			1	0
territori			1	0
nació			1	0
port			1	0
benvinguda			1	0
benvinguts			1	0
vila			1	0
benvingudes			1	0
hospitals			1	0
institut			1	0
àrea			1	0
hospital			1	0
institució			1	0
instituts			1	0
regió			1	0
banc			1	0
costa			1	0
comarques			1	0
comunitat			1	0
places			1	0
universitats			1	0
país			1	0
ciutats			1	0
països			1	0
castell			1	0
ciutat			1	0
zona			1	0
lloc			1	0
castells			1	0
zones			1	0
llocs			1	0
hotel			1	0
jardí			1	0
hotels			1	0
jardins			1	0
carrer			1	0
platges			1	0
carrers			1	0
aeroports			1	0
restaurant			1	0
aeroport			1	0
setmanes			1	0
esvelt			1	0
fi			1	0
generosos			1	0
generós			1	0
lletja			1	0
lleig			1	0
generoses			1	0
pobra			1	0
accepten			1	0
perden			1	0
envien			1	0
apareixen			1	0
platja			1	0
armes			1	0
autobús			1	0
notes			1	0
nota			1	0
llista			1	0
rodes			1	0
columna			1	0
columnes			1	0
bandera			1	0
autobusos			1	0
llistes			1	0
banderes			1	0
roda			1	0
arma			1	0
bomba			1	0
bombes			1	0
moneda			1	0
motors			1	0
motor			1	0
pont			1	0
pantalla			1	0
peces			1	0
màquina			1	0
monedes			1	0
màquines			1	0
ponts			1	0
peça			1	0
bosses			1	0
bossa			1	0
caixes			1	0
vehicles			1	0
alcohol			1	0
fotos			1	0
caixa			1	0
aparell			1	0
vehicle			1	0
document			1	0
foto			1	0
pàgines			1	0
copa			1	0
pàgina			1	0
diaris			1	0
objectes			1	0
revista			1	0
copes			1	0
cadena			1	0
diari			1	0
cadenes			1	0
revistes			1	0
objecte			1	0
fonts			1	0
plomes			1	0
bateria			1	0
campanes			1	0
motxilles			1	0
ràdios			1	0
tren			1	0
mòbils			1	0
motos			1	0
bola			1	0
mòbil			1	0
maleta			1	0
boles			1	0
coses			1	0
bolígrafs			1	0
ampolles			1	0
bicicletes			1	0
clau			1	0
mapa			1	0
ampolla			1	0
mapes			1	0
sogre			1	0
segons			1	0
naixements			1	0
motxilla			1	0
paper			1	0
font			1	0
ploma			1	0
papers			1	0
dòlar			1	0
campana			1	0
targetes			1	0
bateries			1	0
targeta			1	0
dòlars			1	0
vaixells			1	0
càmera			1	0
avió			1	0
ràdio			1	0
rellotge			1	0
avions			1	0
vaixell			1	0
maletes			1	0
càmeres			1	0
trens			1	0
rellotges			1	0
moto			1	0
temporada			1	0
dura			1	0
ric			1	0
dur			1	0
riques			1	0
possible			1	0
natural			1	0
rica			1	0
agafeu			1	0
tanques			1	0
estudia			1	0
diner			1	0
ordinador			1	0
bolígraf			1	0
diners			1	0
bicicleta			1	0
cotxe			1	0
cotxes			1	0
cosa			1	0
tants			1	0
diverses			1	0
cert			1	0
diversos			1	0
tanta			1	0
certs			1	0
tantes			1	0
certa			1	0
tant			1	0
certes			1	0
tal			1	0
bastants			1	0
bastant			1	0
tals			1	0
pocs			1	0
algunes			1	0
poc			1	0
poca			1	0
alguns			1	0
algun			1	0
poques			1	0
alguna			1	0
molts			1	0
moltes			1	0
aquest			1	0
aquella			1	0
aquesta			1	0
aquell			1	0
aquests			1	0
aquells			1	0
aquestes			1	0
net			1	0
neta			1	0
pitjors			1	0
següents			1	0
pitjor			1	0
següent			1	0
ajudo			1	0
treballen			1	0
troba			1	0
ajudes			1	0
tot			1	0
totes			1	0
tota			1	0
molt			1	0
molta			1	0
tots			1	0
aquelles			1	0
riem			1	0
envia			1	0
coneixen			1	0
acceptes			1	0
signo			1	0
comptes			1	0
compra			1	0
compres			1	0
inclou			1	0
deixa			1	0
neva			1	0
afegeixo			1	0
afegiu			1	0
incloc			1	0
plou			1	0
deixen			1	0
deixes			1	0
incloem			1	0
afegim			1	0
deixo			1	0
trenca			1	0
cap			1	0
surto			1	0
plores			1	0
escoltes			1	0
cabo			1	0
trenquem			1	0
cabem			1	0
riuen			1	0
trenco			1	0
rius			1	0
rieu			1	0
ploreu			1	0
escolten			1	0
trenques			1	0
trenquen			1	0
creuen			1	0
endrecen			1	0
creiem			1	0
omplim			1	0
compta			1	0
envies			1	0
creus			1	0
coneixes			1	0
perdem			1	0
compto			1	0
coneixeu			1	0
endreces			1	0
creieu			1	0
enviem			1	0
endreço			1	0
torneu			1	0
diu			1	0
dic			1	0
torno			1	0
diuen			1	0
telefona			1	0
accepto			1	0
telefono			1	0
torna			1	0
comencen			1	0
acaben			1	0
comença			1	0
tornen			1	0
agafa			1	0
donem			1	0
agafo			1	0
dóna			1	0
donen			1	0
posa			1	0
posem			1	0
busques			1	0
busca			1	0
doneu			1	0
fas			1	0
obre			1	0
fan			1	0
tanca			1	0
treballa			1	0
ve			1	0
tanquem			1	0
treballes			1	0
tanquen			1	0
apreneu			1	0
vénen			1	0
aprenem			1	0
fem			1	0
mostro			1	0
mostra			1	0
vinc			1	0
joc			1	0
jugueu			1	0
sap			1	0
miro			1	0
mira			1	0
mires			1	0
ajudeu			1	0
jugo			1	0
jocs			1	0
trobo			1	0
mirem			1	0
trobeu			1	0
acaba			1	0
aparec			1	0
obro			1	0
estudio			1	0
començo			1	0
oblida			1	0
poses			1	0
dono			1	0
acabes			1	0
migdies			1	0
cita			1	0
minuts			1	0
festes			1	0
matinada			1	0
festa			1	0
estretes			1	0
gruixudes			1	0
colossals			1	0
estreta			1	0
gruixuts			1	0
estret			1	0
secretari			1	0
pobre			1	0
boniques			1	0
professional			1	0
bonica			1	0
pròpies			1	0
inclous			1	0
sabeu			1	0
porteu			1	0
ajuden			1	0
jugues			1	0
incloeu			1	0
porten			1	0
ajuda			1	0
creu			1	0
portem			1	0
juguen			1	0
saps			1	0
porto			1	0
juga			1	0
juguem			1	0
porta			1	0
ajudem			1	0
necessària			1	0
pròpia			1	0
propis			1	0
necessari			1	0
altra			1	0
buit			1	0
propi			1	0
ràpids			1	0
avorrits			1	0
lenta			1	0
difícil			1	0
ràpid			1	0
lentes			1	0
ràpida			1	0
fàcil			1	0
diferent			1	0
avorrit			1	0
lents			1	0
diferents			1	0
lent			1	0
fantàstics			1	0
clara			1	0
fred			1	0
importants			1	0
important			1	0
sincera			1	0
sincers			1	0
calenta			1	0
freda			1	0
interessants			1	0
vell			1	0
bones			1	0
nova			1	0
vella			1	0
dolça			1	0
dolç			1	0
noves			1	0
nou			1	0
intel·ligent			1	0
plenes			1	0
ple			1	0
plena			1	0
altre			1	0
intel·ligents			1	0
altres			1	0
buida			1	0
fantàstiques			1	0
última			1	0
últim			1	0
últimes			1	0
sinceres			1	0
sabatera			1	0
psicòleg			1	0
arqueòlogues			1	0
psicòloga			1	0
atleta			1	0
arqueòlegs			1	0
hostesses			1	0
funcionaris			1	0
sabater			1	0
pintores			1	0
professors			1	0
jutges			1	0
metges			1	0
secretaris			1	0
reis			1	0
veterinaris			1	0
grangers			1	0
enginyeres			1	0
cambreres			1	0
pescadors			1	0
enginyer			1	0
enginyera			1	0
granger			1	0
enginyers			1	0
grangera			1	0
grangeres			1	0
venedores			1	0
venedor			1	0
cambrer			1	0
cambrers			1	0
pescadores			1	0
venedors			1	0
fuster			1	0
pintors			1	0
recepcionistes			1	0
xofer			1	0
fusters			1	0
cuiners			1	0
cuiner			1	0
cuinera			1	0
caixers			1	0
recepcionista			1	0
fusteres			1	0
caixeres			1	0
xofers			1	0
actor			1	0
periodistes			1	0
capitana			1	0
periodista			1	0
artista			1	0
mecànica			1	0
actriu			1	0
capità			1	0
mecànic			1	0
autora			1	0
infermeres			1	0
soldat			1	0
forneres			1	0
empresari			1	0
empresària			1	0
mestra			1	0
mestres			1	0
reina			1	0
mestre			1	0
informàtiques			1	0
informàtics			1	0
policies			1	0
dolces			1	0
calent			1	0
dolentes			1	0
dolents			1	0
bon			1	0
bo			1	0
jove			1	0
clar			1	0
bons			1	0
bona			1	0
dolent			1	0
dolenta			1	0
advocats			1	0
infermera			1	0
actors			1	0
mecàniques			1	0
capitanes			1	0
infermer			1	0
professora			1	0
infermers			1	0
mecànics			1	0
capellans			1	0
advocades			1	0
actrius			1	0
capellà			1	0
advocat			1	0
advocada			1	0
professores			1	0
artistes			1	0
data			1	0
tardor			1	0
estona			1	0
estones			1	0
primavera			1	0
estacions			1	0
autor			1	0
jutgessa			1	0
rei			1	0
estudiant			1	0
forners			1	0
informàtica			1	0
autors			1	0
metge			1	0
informàtic			1	0
secretàries			1	0
metgessa			1	0
secretària			1	0
policia			1	0
estudiants			1	0
esvelta			1	0
alta			1	0
baixa			1	0
colossal			1	0
grossa			1	0
grosses			1	0
gros			1	0
grossos			1	0
gruixuda			1	0
fins			1	0
estrets			1	0
gruixut			1	0
immens			1	0
fina			1	0
fines			1	0
mida			1	0
mides			1	0
amples			1	0
primes			1	0
mesures			1	0
grassa			1	0
gras			1	0
enorme			1	0
prim			1	0
mesura			1	0
esvelts			1	0
prims			1	0
enormes			1	0
ampla			1	0
prima			1	0
llarga			1	0
llargs			1	0
petita			1	0
curta			1	0
baix			1	0
curtes			1	0
llarg			1	0
llargues			1	0
petites			1	0
gran			1	0
curts			1	0
grans			1	0
petits			1	0
baixos			1	0
alt			1	0
baixes			1	0
verdes			1	0
naixement			1	0
temporades			1	0
migdia			1	0
cosina			1	0
cosí			1	0
pensa			1	0
cosins			1	0
pares			1	0
cosines			1	0
mare			1	0
fillol			1	0
parella			1	0
fill			1	0
família			1	0
padrines			1	0
padrins			1	0
negres			1	0
fem			1	0
feu			1	0
desembre			1	0
matins			1	0
setembre			1	0
octubre			1	0
novembre			1	0
agost			1	0
principi			1	0
camines			1	0
dormo			1	0
cinturons			1	0
tant de bo			1	0
nebodes			1	0
avi			1	0
tia			1	0
àvia			1	0
germans			1	0
papà			1	0
sentim			1	0
escrius			1	0
previst			1	0
fent			1	0
juny			1	0
gener			1	0
juliol			1	0
maig			1	0
març			1	0
febrer			1	0
abril			1	0
segle			1	0
volta			1	0
cop			1	0
setmana			1	0
mes			1	0
mesos			1	0
minut			1	0
mitjanit			1	0
hores			1	0
vespre			1	0
moment			1	0
vegada			1	0
any			1	0
matí			1	0
dia			1	0
caminen			1	0
famílies			1	0
mamà			1	0
néts			1	0
nadó			1	0
filla			1	0
padrí			1	0
nét			1	0
fillola			1	0
filloles			1	0
fills			1	0
padrina			1	0
néta			1	0
nétes			1	0
filles			1	0
mamàs			1	0
nit			1	0
arriba			1	0
bosc			1	0
arribes			1	0
llop			1	0
arribo			1	0
forquilles			1	0
forquilla			1	0
finestra			1	0
porta			1	0
portes			1	0
mengem			1	0
aneu			1	0
anem			1	0
va			1	0
parc			1	0
parcs			1	0
penso			1	0
vas			1	0
vaig			1	0
cases			1	0
tingueu			1	0
mengi			1	0
vagis			1	0
parlin			1	0
escriguis			1	0
beguem			1	0
dormiu			1	0
siguis			1	0
neboda			1	0
sogres			1	0
germà			1	0
nebot			1	0
oncles			1	0
xicota			1	0
nebots			1	0
marit			1	0
marits			1	0
oncle			1	0
germana			1	0
muller			1	0
xicot			1	0
ties			1	0
nedo			1	0
bevem			1	0
parles			1	0
beveu			1	0
negre			1	0
negra			1	0
grises			1	0
blava			1	0
grisa			1	0
vol			1	0
paguem			1	0
toquem			1	0
podeu			1	0
pagueu			1	0
toca			1	0
vestits			1	0
color			1	0
blaves			1	0
pot			1	0
nedeu			1	0
teniu			1	0
neda			1	0
samarretes			1	0
barret			1	0
faldilla			1	0
gris			1	0
blanques			1	0
paga			1	0
parlem			1	0
toquen			1	0
veuen			1	0
vols			1	0
toques			1	0
volen			1	0
cinturó			1	0
blaus			1	0
taronja			1	0
verda			1	0
blanca			1	0
vermell			1	0
blanc			1	0
groc			1	0
grocs			1	0
grisos			1	0
verds			1	0
blancs			1	0
vermella			1	0
groga			1	0
colors			1	0
blau			1	0
vermells			1	0
vermelles			1	0
dormiu			1	0
dormim			1	0
camineu			1	0
correu			1	0
té			1	0
caminem			1	0
correm			1	0
cuina			1	0
sento			1	0
pots			1	0
camina			1	0
quins			1	0
camisa			1	0
botes			1	0
corbata			1	0
abric			1	0
corbates			1	0
puc			1	0
poden			1	0
fa			1	0
guitarra			1	0
sent			1	0
sents			1	0
parla			1	0
parleu			1	0
toqueu			1	0
sentiu			1	0
senten			1	0
voleu			1	0
vull			1	0
pago			1	0
llegiu			1	0
pagar			1	0
beu			1	0
llegeixes			1	0
pagues			1	0
corre			1	0
dorms			1	0
veus			1	0
nedem			1	0
tinc			1	0
cuinem			1	0
nedes			1	0
tens			1	0
cuineu			1	0
corren			1	0
dormen			1	0
cuines			1	0
quina			1	0
quin			1	0
quant			1	0
quanta			1	0
pregunta			1	0
quantes			1	0
quants			1	0
quines			1	0
preguntes			1	0
faldilles			1	0
vestit			1	0
vestits			1	0
jersei			1	0
barrets			1	0
mitjons			1	0
bota			1	0
jerseis			1	0
mitjó			1	0
roba			1	0
sabata			1	0
sabates			1	0
pantaló			1	0
camises			1	0
samarreta			1	0
pantalons			1	0
vestit			1	0
abrics			1	0
caminant			1	0
donant			1	0
definir			1	0
descobrir			1	0
obert			1	0
oposició			1	0
sou			1	0
deixant			1	0
mirar			1	0
demanar			1	0
intentar			1	0
llegeixo			1	0
bec			1	0
canviat			1	0
hi hauria			1	0
servir			1	0
vendre			1	0
fent servir			1	0
tenint			1	0
aplicar			1	0
dit			1	0
crisi			1	0
decidit			1	0
entendre			1	0
esperant			1	0
demostrar			1	0
existir			1	0
tornat			1	0
trucat			1	0
passant			1	0
construir			1	0
netejar			1	0
descobert			1	0
actuar			1	0
rebut			1	0
internet			1	0
cancel·lar			1	0
continuació			1	0
seguint			1	0
plovent			1	0
menjar			1	0
dèficit			1	0
aprendre			1	0
triar			1	0
futbol			1	0
oferir			1	0
tocant			1	0
tancat			1	0
agricultura			1	0
permetre			1	0
reconèixer			1	0
justícia			1	0
química			1	0
continuar			1	0
escrivint			1	0
patir			1	0
tornat			1	0
quedar			1	0
analitzar			1	0
reduir			1	0
corrent			1	0
estudiar			1	0
estimant			1	0
remei			1	0
massa			1	0
comprendre			1	0
incloent			1	0
treballant			1	0
dormint			1	0
prenent			1	0
menges			1	0
sortit			1	0
cercant			1	0
pensat			1	0
trencar			1	0
claus			1	0
llegint			1	0
créixer			1	0
dignitat			1	0
dirigit			1	0
ballant			1	0
pensant			1	0
portat			1	0
desenvolupar			1	0
escollit			1	0
enviat			1	0
dient			1	0
generalitat			1	0
virus			1	0
imaginat			1	0
plogut			1	0
refredar			1	0
nedant			1	0
defensar			1	0
escriu			1	0
cabells			1	0
escrit			1	0
menjant			1	0
promig			1	0
bebent			1	0
por			1	0
creure			1	0
abandonar			1	0
música			1	0
llegeix			1	0
estabilitat			1	0
controlar			1	0
plorat			1	0
comportar			1	0
parlant			1	0
riquesa			1	0
superàvit			1	0
pagant			1	0
participar			1	0
tractant			1	0
cuinant			1	0
emprat			1	0
cooperació			1	0
témer			1	0
mirant			1	0
defensa			1	0
veient			1	0
recuperar			1	0
trobat			1	0
qüestionar			1	0
perdre			1	0
